<?xml version="1.0" encoding="UTF-8"?>
<project version="4">
  <component name="ChangeListManager">
    <list default="true" id="cf4b6cb0-9aa9-4f8f-bc2d-866c0d5115f2" name="Default" comment="" />
    <ignored path="pyqt5.iws" />
    <ignored path=".idea/workspace.xml" />
    <ignored path=".idea/dataSources.local.xml" />
    <option name="EXCLUDED_CONVERTED_TO_IGNORED" value="true" />
    <option name="TRACKING_ENABLED" value="true" />
    <option name="SHOW_DIALOG" value="false" />
    <option name="HIGHLIGHT_CONFLICTS" value="true" />
    <option name="HIGHLIGHT_NON_ACTIVE_CHANGELIST" value="false" />
    <option name="LAST_RESOLUTION" value="IGNORE" />
  </component>
  <component name="CoverageDataManager">
    <SUITE FILE_PATH="coverage/pyqt5$practice2.coverage" NAME="practice2 Coverage Results" MODIFIED="1486091590622" SOURCE_PROVIDER="com.intellij.coverage.DefaultCoverageFileProvider" RUNNER="coverage.py" COVERAGE_BY_TEST_ENABLED="true" COVERAGE_TRACING_ENABLED="false" WORKING_DIRECTORY="$PROJECT_DIR$/.idea" />
    <SUITE FILE_PATH="coverage/pyqt5$practice5.coverage" NAME="practice5 Coverage Results" MODIFIED="1486100178284" SOURCE_PROVIDER="com.intellij.coverage.DefaultCoverageFileProvider" RUNNER="coverage.py" COVERAGE_BY_TEST_ENABLED="true" COVERAGE_TRACING_ENABLED="false" WORKING_DIRECTORY="$PROJECT_DIR$/.idea" />
    <SUITE FILE_PATH="coverage/pyqt5$practice8.coverage" NAME="practice8 Coverage Results" MODIFIED="1486103533464" SOURCE_PROVIDER="com.intellij.coverage.DefaultCoverageFileProvider" RUNNER="coverage.py" COVERAGE_BY_TEST_ENABLED="true" COVERAGE_TRACING_ENABLED="false" WORKING_DIRECTORY="$PROJECT_DIR$/.idea" />
    <SUITE FILE_PATH="coverage/pyqt5$practice13.coverage" NAME="practice13 Coverage Results" MODIFIED="1486109861143" SOURCE_PROVIDER="com.intellij.coverage.DefaultCoverageFileProvider" RUNNER="coverage.py" COVERAGE_BY_TEST_ENABLED="true" COVERAGE_TRACING_ENABLED="false" WORKING_DIRECTORY="$PROJECT_DIR$/.idea" />
    <SUITE FILE_PATH="coverage/pyqt5$practice14.coverage" NAME="practice14 Coverage Results" MODIFIED="1486112338503" SOURCE_PROVIDER="com.intellij.coverage.DefaultCoverageFileProvider" RUNNER="coverage.py" COVERAGE_BY_TEST_ENABLED="true" COVERAGE_TRACING_ENABLED="false" WORKING_DIRECTORY="$PROJECT_DIR$/.idea" />
    <SUITE FILE_PATH="coverage/pyqt5$practice3.coverage" NAME="practice3 Coverage Results" MODIFIED="1486095419538" SOURCE_PROVIDER="com.intellij.coverage.DefaultCoverageFileProvider" RUNNER="coverage.py" COVERAGE_BY_TEST_ENABLED="true" COVERAGE_TRACING_ENABLED="false" WORKING_DIRECTORY="$PROJECT_DIR$/.idea" />
    <SUITE FILE_PATH="coverage/pyqt5$practice4.coverage" NAME="practice4 Coverage Results" MODIFIED="1486096283230" SOURCE_PROVIDER="com.intellij.coverage.DefaultCoverageFileProvider" RUNNER="coverage.py" COVERAGE_BY_TEST_ENABLED="true" COVERAGE_TRACING_ENABLED="false" WORKING_DIRECTORY="$PROJECT_DIR$/.idea" />
    <SUITE FILE_PATH="coverage/pyqt5$practice17.coverage" NAME="practice17 Coverage Results" MODIFIED="1486114046994" SOURCE_PROVIDER="com.intellij.coverage.DefaultCoverageFileProvider" RUNNER="coverage.py" COVERAGE_BY_TEST_ENABLED="true" COVERAGE_TRACING_ENABLED="false" WORKING_DIRECTORY="$PROJECT_DIR$/.idea" />
    <SUITE FILE_PATH="coverage/pyqt5$practice10.coverage" NAME="practice10 Coverage Results" MODIFIED="1486106653659" SOURCE_PROVIDER="com.intellij.coverage.DefaultCoverageFileProvider" RUNNER="coverage.py" COVERAGE_BY_TEST_ENABLED="true" COVERAGE_TRACING_ENABLED="false" WORKING_DIRECTORY="$PROJECT_DIR$/.idea" />
    <SUITE FILE_PATH="coverage/pyqt5$practice7.coverage" NAME="practice7 Coverage Results" MODIFIED="1486102372301" SOURCE_PROVIDER="com.intellij.coverage.DefaultCoverageFileProvider" RUNNER="coverage.py" COVERAGE_BY_TEST_ENABLED="true" COVERAGE_TRACING_ENABLED="false" WORKING_DIRECTORY="$PROJECT_DIR$/.idea" />
    <SUITE FILE_PATH="coverage/pyqt5$practice12.coverage" NAME="practice12 Coverage Results" MODIFIED="1486108758391" SOURCE_PROVIDER="com.intellij.coverage.DefaultCoverageFileProvider" RUNNER="coverage.py" COVERAGE_BY_TEST_ENABLED="true" COVERAGE_TRACING_ENABLED="false" WORKING_DIRECTORY="$PROJECT_DIR$/.idea" />
    <SUITE FILE_PATH="coverage/pyqt5$practice15.coverage" NAME="practice15 Coverage Results" MODIFIED="1486113220016" SOURCE_PROVIDER="com.intellij.coverage.DefaultCoverageFileProvider" RUNNER="coverage.py" COVERAGE_BY_TEST_ENABLED="true" COVERAGE_TRACING_ENABLED="false" WORKING_DIRECTORY="$PROJECT_DIR$/.idea" />
    <SUITE FILE_PATH="coverage/pyqt5$practice9.coverage" NAME="practice9 Coverage Results" MODIFIED="1486105159804" SOURCE_PROVIDER="com.intellij.coverage.DefaultCoverageFileProvider" RUNNER="coverage.py" COVERAGE_BY_TEST_ENABLED="true" COVERAGE_TRACING_ENABLED="false" WORKING_DIRECTORY="$PROJECT_DIR$/.idea" />
    <SUITE FILE_PATH="coverage/pyqt5$practice11.coverage" NAME="practice11 Coverage Results" MODIFIED="1486107967437" SOURCE_PROVIDER="com.intellij.coverage.DefaultCoverageFileProvider" RUNNER="coverage.py" COVERAGE_BY_TEST_ENABLED="true" COVERAGE_TRACING_ENABLED="false" WORKING_DIRECTORY="$PROJECT_DIR$/.idea" />
    <SUITE FILE_PATH="coverage/pyqt5$practice1.coverage" NAME="practice1 Coverage Results" MODIFIED="1486090561542" SOURCE_PROVIDER="com.intellij.coverage.DefaultCoverageFileProvider" RUNNER="coverage.py" COVERAGE_BY_TEST_ENABLED="true" COVERAGE_TRACING_ENABLED="false" WORKING_DIRECTORY="$PROJECT_DIR$/.idea" />
    <SUITE FILE_PATH="coverage/pyqt5$practice6.coverage" NAME="practice6 Coverage Results" MODIFIED="1486100860585" SOURCE_PROVIDER="com.intellij.coverage.DefaultCoverageFileProvider" RUNNER="coverage.py" COVERAGE_BY_TEST_ENABLED="true" COVERAGE_TRACING_ENABLED="false" WORKING_DIRECTORY="$PROJECT_DIR$/.idea" />
    <SUITE FILE_PATH="coverage/pyqt5$practice16.coverage" NAME="practice16 Coverage Results" MODIFIED="1486113751218" SOURCE_PROVIDER="com.intellij.coverage.DefaultCoverageFileProvider" RUNNER="coverage.py" COVERAGE_BY_TEST_ENABLED="true" COVERAGE_TRACING_ENABLED="false" WORKING_DIRECTORY="$PROJECT_DIR$/.idea" />
  </component>
  <component name="CreatePatchCommitExecutor">
    <option name="PATCH_PATH" value="" />
  </component>
  <component name="ExecutionTargetManager" SELECTED_TARGET="default_target" />
  <component name="FavoritesManager">
    <favorites_list name="pyqt5" />
  </component>
  <component name="FileEditorManager">
    <leaf SIDE_TABS_SIZE_LIMIT_KEY="300">
      <file leaf-file-name="practice13.py" pinned="false" current-in-tab="true">
        <entry file="file://$PROJECT_DIR$/.idea/practice13.py">
          <provider selected="true" editor-type-id="text-editor">
            <state relative-caret-position="276">
              <caret line="20" column="0" selection-start-line="20" selection-start-column="0" selection-end-line="20" selection-end-column="0" />
              <folding>
                <element signature="e#24#34#0" expanded="true" />
              </folding>
            </state>
          </provider>
        </entry>
      </file>
      <file leaf-file-name="practice3.py" pinned="false" current-in-tab="false">
        <entry file="file://$PROJECT_DIR$/.idea/practice3.py">
          <provider selected="true" editor-type-id="text-editor">
            <state relative-caret-position="468">
              <caret line="29" column="25" selection-start-line="29" selection-start-column="25" selection-end-line="29" selection-end-column="25" />
              <folding />
            </state>
          </provider>
        </entry>
      </file>
      <file leaf-file-name="practice14.py" pinned="false" current-in-tab="false">
        <entry file="file://$PROJECT_DIR$/.idea/practice14.py">
          <provider selected="true" editor-type-id="text-editor">
            <state relative-caret-position="253">
              <caret line="14" column="28" selection-start-line="14" selection-start-column="28" selection-end-line="14" selection-end-column="28" />
              <folding>
                <element signature="e#24#34#0" expanded="true" />
              </folding>
            </state>
          </provider>
        </entry>
      </file>
      <file leaf-file-name="practice15.py" pinned="false" current-in-tab="false">
        <entry file="file://$PROJECT_DIR$/.idea/practice15.py">
          <provider selected="true" editor-type-id="text-editor">
            <state relative-caret-position="391">
              <caret line="19" column="32" selection-start-line="0" selection-start-column="0" selection-end-line="23" selection-end-column="0" />
              <folding>
                <element signature="e#24#34#0" expanded="true" />
              </folding>
            </state>
          </provider>
        </entry>
      </file>
      <file leaf-file-name="practice16.py" pinned="false" current-in-tab="false">
        <entry file="file://$PROJECT_DIR$/.idea/practice16.py">
          <provider selected="true" editor-type-id="text-editor">
            <state relative-caret-position="115">
              <caret line="6" column="23" selection-start-line="0" selection-start-column="0" selection-end-line="36" selection-end-column="0" />
              <folding>
                <element signature="e#24#34#0" expanded="true" />
              </folding>
            </state>
          </provider>
        </entry>
      </file>
      <file leaf-file-name="practice17.py" pinned="false" current-in-tab="false">
        <entry file="file://$PROJECT_DIR$/.idea/practice17.py">
          <provider selected="true" editor-type-id="text-editor">
            <state relative-caret-position="276">
              <caret line="14" column="43" selection-start-line="14" selection-start-column="43" selection-end-line="14" selection-end-column="43" />
              <folding>
                <element signature="e#24#34#0" expanded="true" />
              </folding>
            </state>
          </provider>
        </entry>
      </file>
    </leaf>
  </component>
  <component name="FileTemplateManagerImpl">
    <option name="RECENT_TEMPLATES">
      <list>
        <option value="Python Script" />
      </list>
    </option>
  </component>
  <component name="IdeDocumentHistory">
    <option name="CHANGED_PATHS">
      <list>
        <option value="$PROJECT_DIR$/.idea/practice1.py" />
        <option value="$PROJECT_DIR$/.idea/practice2.py" />
        <option value="$PROJECT_DIR$/.idea/practice3.py" />
        <option value="$PROJECT_DIR$/.idea/practice4.py" />
        <option value="$PROJECT_DIR$/.idea/practice5.py" />
        <option value="$PROJECT_DIR$/.idea/practice6.py" />
        <option value="$PROJECT_DIR$/.idea/practice7.py" />
        <option value="$PROJECT_DIR$/.idea/practice8.py" />
        <option value="$PROJECT_DIR$/.idea/practice9.py" />
        <option value="$PROJECT_DIR$/.idea/practice10.py" />
        <option value="$PROJECT_DIR$/.idea/practice11.py" />
        <option value="$PROJECT_DIR$/.idea/practice12.py" />
        <option value="$PROJECT_DIR$/.idea/practice13.py" />
        <option value="$PROJECT_DIR$/.idea/practice14.py" />
        <option value="$PROJECT_DIR$/.idea/practice15.py" />
        <option value="$PROJECT_DIR$/.idea/practice16.py" />
        <option value="$PROJECT_DIR$/.idea/practice17.py" />
      </list>
    </option>
  </component>
  <component name="JsBuildToolGruntFileManager" detection-done="true" sorting="DEFINITION_ORDER" />
  <component name="JsBuildToolPackageJson" detection-done="true" sorting="DEFINITION_ORDER" />
  <component name="JsGulpfileManager">
    <detection-done>true</detection-done>
    <sorting>DEFINITION_ORDER</sorting>
  </component>
  <component name="ProjectFrameBounds">
    <option name="x" value="-8" />
    <option name="y" value="-8" />
    <option name="width" value="1382" />
    <option name="height" value="744" />
  </component>
  <component name="ProjectLevelVcsManager" settingsEditedManually="false">
    <OptionsSetting value="true" id="Add" />
    <OptionsSetting value="true" id="Remove" />
    <OptionsSetting value="true" id="Checkout" />
    <OptionsSetting value="true" id="Update" />
    <OptionsSetting value="true" id="Status" />
    <OptionsSetting value="true" id="Edit" />
    <ConfirmationsSetting value="0" id="Add" />
    <ConfirmationsSetting value="0" id="Remove" />
  </component>
  <component name="ProjectView">
    <navigator proportions="" version="1">
      <flattenPackages />
      <showMembers />
      <showModules />
      <showLibraryContents />
      <hideEmptyPackages />
      <abbreviatePackageNames />
      <autoscrollToSource />
      <autoscrollFromSource />
      <sortByType />
      <manualOrder />
      <foldersAlwaysOnTop value="true" />
    </navigator>
    <panes />
  </component>
  <component name="PropertiesComponent">
    <property name="settings.editor.selected.configurable" value="configurable.group.build" />
    <property name="settings.editor.splitter.proportion" value="0.2" />
    <property name="last_opened_file_path" value="$PROJECT_DIR$/../../../Crossinweb" />
    <property name="WebServerToolWindowFactoryState" value="false" />
  </component>
  <component name="RunManager" selected="Python.practice17">
    <configuration default="false" name="practice13" type="PythonConfigurationType" factoryName="Python" temporary="true">
      <option name="INTERPRETER_OPTIONS" value="" />
      <option name="PARENT_ENVS" value="true" />
      <envs>
        <env name="PYTHONUNBUFFERED" value="1" />
      </envs>
      <option name="SDK_HOME" value="" />
      <option name="WORKING_DIRECTORY" value="$PROJECT_DIR$/.idea" />
      <option name="IS_MODULE_SDK" value="true" />
      <option name="ADD_CONTENT_ROOTS" value="true" />
      <option name="ADD_SOURCE_ROOTS" value="true" />
      <module name="pyqt5" />
      <EXTENSION ID="PythonCoverageRunConfigurationExtension" enabled="false" sample_coverage="true" runner="coverage.py" />
      <option name="SCRIPT_NAME" value="$PROJECT_DIR$/.idea/practice13.py" />
      <option name="PARAMETERS" value="" />
      <option name="SHOW_COMMAND_LINE" value="false" />
      <method />
    </configuration>
    <configuration default="false" name="practice14" type="PythonConfigurationType" factoryName="Python" temporary="true">
      <option name="INTERPRETER_OPTIONS" value="" />
      <option name="PARENT_ENVS" value="true" />
      <envs>
        <env name="PYTHONUNBUFFERED" value="1" />
      </envs>
      <option name="SDK_HOME" value="" />
      <option name="WORKING_DIRECTORY" value="$PROJECT_DIR$/.idea" />
      <option name="IS_MODULE_SDK" value="true" />
      <option name="ADD_CONTENT_ROOTS" value="true" />
      <option name="ADD_SOURCE_ROOTS" value="true" />
      <module name="pyqt5" />
      <EXTENSION ID="PythonCoverageRunConfigurationExtension" enabled="false" sample_coverage="true" runner="coverage.py" />
      <option name="SCRIPT_NAME" value="$PROJECT_DIR$/.idea/practice14.py" />
      <option name="PARAMETERS" value="" />
      <option name="SHOW_COMMAND_LINE" value="false" />
      <method />
    </configuration>
    <configuration default="false" name="practice15" type="PythonConfigurationType" factoryName="Python" temporary="true">
      <option name="INTERPRETER_OPTIONS" value="" />
      <option name="PARENT_ENVS" value="true" />
      <envs>
        <env name="PYTHONUNBUFFERED" value="1" />
      </envs>
      <option name="SDK_HOME" value="" />
      <option name="WORKING_DIRECTORY" value="$PROJECT_DIR$/.idea" />
      <option name="IS_MODULE_SDK" value="true" />
      <option name="ADD_CONTENT_ROOTS" value="true" />
      <option name="ADD_SOURCE_ROOTS" value="true" />
      <module name="pyqt5" />
      <EXTENSION ID="PythonCoverageRunConfigurationExtension" enabled="false" sample_coverage="true" runner="coverage.py" />
      <option name="SCRIPT_NAME" value="$PROJECT_DIR$/.idea/practice15.py" />
      <option name="PARAMETERS" value="" />
      <option name="SHOW_COMMAND_LINE" value="false" />
      <method />
    </configuration>
    <configuration default="false" name="practice16" type="PythonConfigurationType" factoryName="Python" temporary="true">
      <option name="INTERPRETER_OPTIONS" value="" />
      <option name="PARENT_ENVS" value="true" />
      <envs>
        <env name="PYTHONUNBUFFERED" value="1" />
      </envs>
      <option name="SDK_HOME" value="" />
      <option name="WORKING_DIRECTORY" value="$PROJECT_DIR$/.idea" />
      <option name="IS_MODULE_SDK" value="true" />
      <option name="ADD_CONTENT_ROOTS" value="true" />
      <option name="ADD_SOURCE_ROOTS" value="true" />
      <module name="pyqt5" />
      <EXTENSION ID="PythonCoverageRunConfigurationExtension" enabled="false" sample_coverage="true" runner="coverage.py" />
      <option name="SCRIPT_NAME" value="$PROJECT_DIR$/.idea/practice16.py" />
      <option name="PARAMETERS" value="" />
      <option name="SHOW_COMMAND_LINE" value="false" />
      <method />
    </configuration>
    <configuration default="false" name="practice17" type="PythonConfigurationType" factoryName="Python" temporary="true">
      <option name="INTERPRETER_OPTIONS" value="" />
      <option name="PARENT_ENVS" value="true" />
      <envs>
        <env name="PYTHONUNBUFFERED" value="1" />
      </envs>
      <option name="SDK_HOME" value="" />
      <option name="WORKING_DIRECTORY" value="$PROJECT_DIR$/.idea" />
      <option name="IS_MODULE_SDK" value="true" />
      <option name="ADD_CONTENT_ROOTS" value="true" />
      <option name="ADD_SOURCE_ROOTS" value="true" />
      <module name="pyqt5" />
      <EXTENSION ID="PythonCoverageRunConfigurationExtension" enabled="false" sample_coverage="true" runner="coverage.py" />
      <option name="SCRIPT_NAME" value="$PROJECT_DIR$/.idea/practice17.py" />
      <option name="PARAMETERS" value="" />
      <option name="SHOW_COMMAND_LINE" value="false" />
      <method />
    </configuration>
    <configuration default="true" type="DjangoTestsConfigurationType" factoryName="Django tests">
      <option name="INTERPRETER_OPTIONS" value="" />
      <option name="PARENT_ENVS" value="true" />
      <envs>
        <env name="PYTHONUNBUFFERED" value="1" />
      </envs>
      <option name="SDK_HOME" value="" />
      <option name="WORKING_DIRECTORY" value="" />
      <option name="IS_MODULE_SDK" value="false" />
      <option name="ADD_CONTENT_ROOTS" value="true" />
      <option name="ADD_SOURCE_ROOTS" value="true" />
      <module name="pyqt5" />
      <EXTENSION ID="PythonCoverageRunConfigurationExtension" enabled="false" sample_coverage="true" runner="coverage.py" />
      <option name="TARGET" value="" />
      <option name="SETTINGS_FILE" value="" />
      <option name="CUSTOM_SETTINGS" value="false" />
      <option name="USE_OPTIONS" value="false" />
      <option name="OPTIONS" value="" />
      <method />
    </configuration>
    <configuration default="true" type="JavascriptDebugType" factoryName="JavaScript Debug">
      <method />
    </configuration>
    <configuration default="true" type="PyBehaveRunConfigurationType" factoryName="Behave">
      <option name="INTERPRETER_OPTIONS" value="" />
      <option name="PARENT_ENVS" value="true" />
      <envs />
      <option name="SDK_HOME" value="" />
      <option name="WORKING_DIRECTORY" value="" />
      <option name="IS_MODULE_SDK" value="false" />
      <option name="ADD_CONTENT_ROOTS" value="true" />
      <option name="ADD_SOURCE_ROOTS" value="true" />
      <module name="pyqt5" />
      <EXTENSION ID="PythonCoverageRunConfigurationExtension" enabled="false" sample_coverage="true" runner="coverage.py" />
      <option name="ADDITIONAL_ARGS" value="" />
      <method />
    </configuration>
    <configuration default="true" type="PyLettuceRunConfigurationType" factoryName="Lettuce">
      <option name="INTERPRETER_OPTIONS" value="" />
      <option name="PARENT_ENVS" value="true" />
      <envs />
      <option name="SDK_HOME" value="" />
      <option name="WORKING_DIRECTORY" value="" />
      <option name="IS_MODULE_SDK" value="false" />
      <option name="ADD_CONTENT_ROOTS" value="true" />
      <option name="ADD_SOURCE_ROOTS" value="true" />
      <module name="pyqt5" />
      <EXTENSION ID="PythonCoverageRunConfigurationExtension" enabled="false" sample_coverage="true" runner="coverage.py" />
      <option name="ADDITIONAL_ARGS" value="" />
      <method />
    </configuration>
    <configuration default="true" type="PythonConfigurationType" factoryName="Python">
      <option name="INTERPRETER_OPTIONS" value="" />
      <option name="PARENT_ENVS" value="true" />
      <envs>
        <env name="PYTHONUNBUFFERED" value="1" />
      </envs>
      <option name="SDK_HOME" value="" />
      <option name="WORKING_DIRECTORY" value="" />
      <option name="IS_MODULE_SDK" value="false" />
      <option name="ADD_CONTENT_ROOTS" value="true" />
      <option name="ADD_SOURCE_ROOTS" value="true" />
      <module name="pyqt5" />
      <EXTENSION ID="PythonCoverageRunConfigurationExtension" enabled="false" sample_coverage="true" runner="coverage.py" />
      <option name="SCRIPT_NAME" value="" />
      <option name="PARAMETERS" value="" />
      <option name="SHOW_COMMAND_LINE" value="false" />
      <method />
    </configuration>
    <configuration default="true" type="Tox" factoryName="Tox">
      <option name="INTERPRETER_OPTIONS" value="" />
      <option name="PARENT_ENVS" value="true" />
      <envs />
      <option name="SDK_HOME" value="" />
      <option name="WORKING_DIRECTORY" value="" />
      <option name="IS_MODULE_SDK" value="false" />
      <option name="ADD_CONTENT_ROOTS" value="true" />
      <option name="ADD_SOURCE_ROOTS" value="true" />
      <EXTENSION ID="PythonCoverageRunConfigurationExtension" enabled="false" sample_coverage="true" runner="coverage.py" />
      <module name="pyqt5" />
      <method />
    </configuration>
    <configuration default="true" type="js.build_tools.gulp" factoryName="Gulp.js">
      <node-interpreter>project</node-interpreter>
      <node-options />
      <gulpfile />
      <tasks />
      <arguments />
      <envs />
      <method />
    </configuration>
    <configuration default="true" type="js.build_tools.npm" factoryName="npm">
      <command value="run-script" />
      <scripts />
      <node-interpreter value="project" />
      <envs />
      <method />
    </configuration>
    <configuration default="true" type="tests" factoryName="Attests">
      <option name="INTERPRETER_OPTIONS" value="" />
      <option name="PARENT_ENVS" value="true" />
      <envs />
      <option name="SDK_HOME" value="" />
      <option name="WORKING_DIRECTORY" value="" />
      <option name="IS_MODULE_SDK" value="false" />
      <option name="ADD_CONTENT_ROOTS" value="true" />
      <option name="ADD_SOURCE_ROOTS" value="true" />
      <module name="pyqt5" />
      <EXTENSION ID="PythonCoverageRunConfigurationExtension" enabled="false" sample_coverage="true" runner="coverage.py" />
      <option name="SCRIPT_NAME" value="" />
      <option name="CLASS_NAME" value="" />
      <option name="METHOD_NAME" value="" />
      <option name="FOLDER_NAME" value="" />
      <option name="TEST_TYPE" value="TEST_SCRIPT" />
      <option name="PATTERN" value="" />
      <option name="USE_PATTERN" value="false" />
      <method />
    </configuration>
    <configuration default="true" type="tests" factoryName="Doctests">
      <option name="INTERPRETER_OPTIONS" value="" />
      <option name="PARENT_ENVS" value="true" />
      <envs />
      <option name="SDK_HOME" value="" />
      <option name="WORKING_DIRECTORY" value="" />
      <option name="IS_MODULE_SDK" value="false" />
      <option name="ADD_CONTENT_ROOTS" value="true" />
      <option name="ADD_SOURCE_ROOTS" value="true" />
      <module name="pyqt5" />
      <EXTENSION ID="PythonCoverageRunConfigurationExtension" enabled="false" sample_coverage="true" runner="coverage.py" />
      <option name="SCRIPT_NAME" value="" />
      <option name="CLASS_NAME" value="" />
      <option name="METHOD_NAME" value="" />
      <option name="FOLDER_NAME" value="" />
      <option name="TEST_TYPE" value="TEST_SCRIPT" />
      <option name="PATTERN" value="" />
      <option name="USE_PATTERN" value="false" />
      <method />
    </configuration>
    <configuration default="true" type="tests" factoryName="Nosetests">
      <option name="INTERPRETER_OPTIONS" value="" />
      <option name="PARENT_ENVS" value="true" />
      <envs />
      <option name="SDK_HOME" value="" />
      <option name="WORKING_DIRECTORY" value="" />
      <option name="IS_MODULE_SDK" value="false" />
      <option name="ADD_CONTENT_ROOTS" value="true" />
      <option name="ADD_SOURCE_ROOTS" value="true" />
      <module name="pyqt5" />
      <EXTENSION ID="PythonCoverageRunConfigurationExtension" enabled="false" sample_coverage="true" runner="coverage.py" />
      <option name="SCRIPT_NAME" value="" />
      <option name="CLASS_NAME" value="" />
      <option name="METHOD_NAME" value="" />
      <option name="FOLDER_NAME" value="" />
      <option name="TEST_TYPE" value="TEST_SCRIPT" />
      <option name="PATTERN" value="" />
      <option name="USE_PATTERN" value="false" />
      <option name="PARAMS" value="" />
      <option name="USE_PARAM" value="false" />
      <method />
    </configuration>
    <configuration default="true" type="tests" factoryName="Unittests">
      <option name="INTERPRETER_OPTIONS" value="" />
      <option name="PARENT_ENVS" value="true" />
      <envs />
      <option name="SDK_HOME" value="" />
      <option name="WORKING_DIRECTORY" value="" />
      <option name="IS_MODULE_SDK" value="false" />
      <option name="ADD_CONTENT_ROOTS" value="true" />
      <option name="ADD_SOURCE_ROOTS" value="true" />
      <module name="pyqt5" />
      <EXTENSION ID="PythonCoverageRunConfigurationExtension" enabled="false" sample_coverage="true" runner="coverage.py" />
      <option name="SCRIPT_NAME" value="" />
      <option name="CLASS_NAME" value="" />
      <option name="METHOD_NAME" value="" />
      <option name="FOLDER_NAME" value="" />
      <option name="TEST_TYPE" value="TEST_SCRIPT" />
      <option name="PATTERN" value="" />
      <option name="USE_PATTERN" value="false" />
      <option name="PUREUNITTEST" value="true" />
      <option name="PARAMS" value="" />
      <option name="USE_PARAM" value="false" />
      <method />
    </configuration>
    <configuration default="true" type="tests" factoryName="py.test">
      <option name="INTERPRETER_OPTIONS" value="" />
      <option name="PARENT_ENVS" value="true" />
      <envs />
      <option name="SDK_HOME" value="" />
      <option name="WORKING_DIRECTORY" value="" />
      <option name="IS_MODULE_SDK" value="false" />
      <option name="ADD_CONTENT_ROOTS" value="true" />
      <option name="ADD_SOURCE_ROOTS" value="true" />
      <module name="pyqt5" />
      <EXTENSION ID="PythonCoverageRunConfigurationExtension" enabled="false" sample_coverage="true" runner="coverage.py" />
      <option name="SCRIPT_NAME" value="" />
      <option name="CLASS_NAME" value="" />
      <option name="METHOD_NAME" value="" />
      <option name="FOLDER_NAME" value="" />
      <option name="TEST_TYPE" value="TEST_SCRIPT" />
      <option name="PATTERN" value="" />
      <option name="USE_PATTERN" value="false" />
      <option name="testToRun" value="" />
      <option name="keywords" value="" />
      <option name="params" value="" />
      <option name="USE_PARAM" value="false" />
      <option name="USE_KEYWORD" value="false" />
      <method />
    </configuration>
    <list size="5">
      <item index="0" class="java.lang.String" itemvalue="Python.practice13" />
      <item index="1" class="java.lang.String" itemvalue="Python.practice14" />
      <item index="2" class="java.lang.String" itemvalue="Python.practice15" />
      <item index="3" class="java.lang.String" itemvalue="Python.practice16" />
      <item index="4" class="java.lang.String" itemvalue="Python.practice17" />
    </list>
    <recent_temporary>
      <list size="5">
        <item index="0" class="java.lang.String" itemvalue="Python.practice17" />
        <item index="1" class="java.lang.String" itemvalue="Python.practice16" />
        <item index="2" class="java.lang.String" itemvalue="Python.practice15" />
        <item index="3" class="java.lang.String" itemvalue="Python.practice14" />
        <item index="4" class="java.lang.String" itemvalue="Python.practice13" />
      </list>
    </recent_temporary>
  </component>
  <component name="ShelveChangesManager" show_recycled="false">
    <option name="remove_strategy" value="false" />
  </component>
  <component name="SvnConfiguration">
    <configuration />
  </component>
  <component name="TaskManager">
    <task active="true" id="Default" summary="Default task">
      <changelist id="cf4b6cb0-9aa9-4f8f-bc2d-866c0d5115f2" name="Default" comment="" />
      <created>1486088408449</created>
      <option name="number" value="Default" />
      <option name="presentableId" value="Default" />
      <updated>1486088408449</updated>
    </task>
    <servers />
  </component>
  <component name="ToolWindowManager">
    <frame x="-8" y="-8" width="1382" height="744" extended-state="0" />
    <editor active="true" />
    <layout>
      <window_info id="Project" active="false" anchor="left" auto_hide="false" internal_type="DOCKED" type="DOCKED" visible="false" show_stripe_button="true" weight="0.25" sideWeight="0.5" order="0" side_tool="false" content_ui="combo" />
      <window_info id="TODO" active="false" anchor="bottom" auto_hide="false" internal_type="DOCKED" type="DOCKED" visible="false" show_stripe_button="true" weight="0.33" sideWeight="0.5" order="6" side_tool="false" content_ui="tabs" />
      <window_info id="Event Log" active="false" anchor="bottom" auto_hide="false" internal_type="DOCKED" type="DOCKED" visible="false" show_stripe_button="true" weight="0.25669292" sideWeight="0.50292826" order="7" side_tool="true" content_ui="tabs" />
      <window_info id="Database" active="false" anchor="right" auto_hide="false" internal_type="DOCKED" type="DOCKED" visible="false" show_stripe_button="true" weight="0.33" sideWeight="0.5" order="3" side_tool="false" content_ui="tabs" />
      <window_info id="Version Control" active="false" anchor="bottom" auto_hide="false" internal_type="DOCKED" type="DOCKED" visible="false" show_stripe_button="true" weight="0.33" sideWeight="0.5" order="7" side_tool="false" content_ui="tabs" />
      <window_info id="Python Console" active="false" anchor="bottom" auto_hide="false" internal_type="DOCKED" type="DOCKED" visible="false" show_stripe_button="true" weight="0.33" sideWeight="0.5" order="7" side_tool="false" content_ui="tabs" />
      <window_info id="Structure" active="false" anchor="left" auto_hide="false" internal_type="DOCKED" type="DOCKED" visible="false" show_stripe_button="true" weight="0.25" sideWeight="0.5" order="1" side_tool="false" content_ui="tabs" />
      <window_info id="Terminal" active="false" anchor="bottom" auto_hide="false" internal_type="DOCKED" type="DOCKED" visible="false" show_stripe_button="true" weight="0.33" sideWeight="0.5" order="7" side_tool="false" content_ui="tabs" />
      <window_info id="Favorites" active="false" anchor="left" auto_hide="false" internal_type="DOCKED" type="DOCKED" visible="false" show_stripe_button="true" weight="0.33" sideWeight="0.5" order="2" side_tool="true" content_ui="tabs" />
      <window_info id="Cvs" active="false" anchor="bottom" auto_hide="false" internal_type="DOCKED" type="DOCKED" visible="false" show_stripe_button="true" weight="0.25" sideWeight="0.5" order="4" side_tool="false" content_ui="tabs" />
      <window_info id="Message" active="false" anchor="bottom" auto_hide="false" internal_type="DOCKED" type="DOCKED" visible="false" show_stripe_button="true" weight="0.33" sideWeight="0.5" order="0" side_tool="false" content_ui="tabs" />
      <window_info id="Commander" active="false" anchor="right" auto_hide="false" internal_type="DOCKED" type="DOCKED" visible="false" show_stripe_button="true" weight="0.4" sideWeight="0.5" order="0" side_tool="false" content_ui="tabs" />
      <window_info id="Inspection" active="false" anchor="bottom" auto_hide="false" internal_type="DOCKED" type="DOCKED" visible="false" show_stripe_button="true" weight="0.4" sideWeight="0.5" order="5" side_tool="false" content_ui="tabs" />
      <window_info id="Run" active="false" anchor="bottom" auto_hide="false" internal_type="DOCKED" type="DOCKED" visible="false" show_stripe_button="true" weight="0.25669292" sideWeight="0.49707174" order="2" side_tool="false" content_ui="tabs" />
      <window_info id="Hierarchy" active="false" anchor="right" auto_hide="false" internal_type="DOCKED" type="DOCKED" visible="false" show_stripe_button="true" weight="0.25" sideWeight="0.5" order="2" side_tool="false" content_ui="combo" />
      <window_info id="Find" active="false" anchor="bottom" auto_hide="false" internal_type="DOCKED" type="DOCKED" visible="false" show_stripe_button="true" weight="0.33" sideWeight="0.5" order="1" side_tool="false" content_ui="tabs" />
      <window_info id="Ant Build" active="false" anchor="right" auto_hide="false" internal_type="DOCKED" type="DOCKED" visible="false" show_stripe_button="true" weight="0.25" sideWeight="0.5" order="1" side_tool="false" content_ui="tabs" />
      <window_info id="Debug" active="false" anchor="bottom" auto_hide="false" internal_type="DOCKED" type="DOCKED" visible="false" show_stripe_button="true" weight="0.4" sideWeight="0.5" order="3" side_tool="false" content_ui="tabs" />
    </layout>
  </component>
  <component name="Vcs.Log.UiProperties">
    <option name="RECENTLY_FILTERED_USER_GROUPS">
      <collection />
    </option>
    <option name="RECENTLY_FILTERED_BRANCH_GROUPS">
      <collection />
    </option>
  </component>
  <component name="VcsContentAnnotationSettings">
    <option name="myLimit" value="2678400000" />
  </component>
  <component name="XDebuggerManager">
    <breakpoint-manager />
    <watches-manager />
  </component>
  <component name="editorHistoryManager">
    <entry file="file://$PROJECT_DIR$/.idea/practice13.py">
      <provider selected="true" editor-type-id="text-editor">
        <state relative-caret-position="207">
          <caret line="9" column="21" selection-start-line="9" selection-start-column="21" selection-end-line="9" selection-end-column="21" />
          <folding>
            <element signature="e#24#34#0" expanded="true" />
          </folding>
        </state>
      </provider>
    </entry>
    <entry file="file://$PROJECT_DIR$/.idea/practice3.py">
      <provider selected="true" editor-type-id="text-editor">
        <state relative-caret-position="0">
          <caret line="0" column="0" selection-start-line="0" selection-start-column="0" selection-end-line="0" selection-end-column="0" />
          <folding />
        </state>
      </provider>
    </entry>
    <entry file="file://$PROJECT_DIR$/.idea/practice14.py">
      <provider selected="true" editor-type-id="text-editor">
        <state relative-caret-position="253">
          <caret line="14" column="28" selection-start-line="14" selection-start-column="28" selection-end-line="14" selection-end-column="28" />
          <folding>
            <element signature="e#24#34#0" expanded="true" />
          </folding>
        </state>
      </provider>
    </entry>
    <entry file="file://$PROJECT_DIR$/.idea/practice15.py">
      <provider selected="true" editor-type-id="text-editor">
        <state relative-caret-position="391">
          <caret line="19" column="32" selection-start-line="0" selection-start-column="0" selection-end-line="23" selection-end-column="0" />
          <folding>
            <element signature="e#24#34#0" expanded="true" />
          </folding>
        </state>
      </provider>
    </entry>
    <entry file="file://$PROJECT_DIR$/.idea/practice16.py">
      <provider selected="true" editor-type-id="text-editor">
        <state relative-caret-position="115">
          <caret line="6" column="23" selection-start-line="0" selection-start-column="0" selection-end-line="36" selection-end-column="0" />
          <folding>
            <element signature="e#24#34#0" expanded="true" />
          </folding>
        </state>
      </provider>
    </entry>
    <entry file="file://$PROJECT_DIR$/.idea/practice17.py">
      <provider selected="true" editor-type-id="text-editor">
        <state relative-caret-position="276">
          <caret line="14" column="43" selection-start-line="14" selection-start-column="43" selection-end-line="14" selection-end-column="43" />
          <folding>
            <element signature="e#24#34#0" expanded="true" />
          </folding>
        </state>
      </provider>
    </entry>
    <entry file="file://$PROJECT_DIR$/.idea/practice4.py">
      <provider selected="true" editor-type-id="text-editor">
        <state relative-caret-position="0">
          <caret line="0" column="0" selection-start-line="0" selection-start-column="0" selection-end-line="0" selection-end-column="23" />
        </state>
      </provider>
    </entry>
    <entry file="file://$PROJECT_DIR$/.idea/practice5.py">
      <provider selected="true" editor-type-id="text-editor">
        <state relative-caret-position="259">
          <caret line="25" column="0" selection-start-line="25" selection-start-column="0" selection-end-line="27" selection-end-column="25" />
        </state>
      </provider>
    </entry>
    <entry file="file://$PROJECT_DIR$/.idea/practice6.py">
      <provider selected="true" editor-type-id="text-editor">
        <state relative-caret-position="0">
          <caret line="0" column="0" selection-start-line="0" selection-start-column="0" selection-end-line="0" selection-end-column="23" />
        </state>
      </provider>
    </entry>
    <entry file="file://$PROJECT_DIR$/.idea/practice7.py">
      <provider selected="true" editor-type-id="text-editor">
        <state relative-caret-position="259">
          <caret line="17" column="25" selection-start-line="0" selection-start-column="0" selection-end-line="19" selection-end-column="0" />
        </state>
      </provider>
    </entry>
    <entry file="file://$PROJECT_DIR$/.idea/practice8.py">
      <provider selected="true" editor-type-id="text-editor">
        <state relative-caret-position="236">
          <caret line="26" column="18" selection-start-line="0" selection-start-column="0" selection-end-line="29" selection-end-column="0" />
        </state>
      </provider>
    </entry>
    <entry file="file://$PROJECT_DIR$/.idea/practice9.py">
      <provider selected="true" editor-type-id="text-editor">
        <state relative-caret-position="0">
          <caret line="0" column="23" selection-start-line="0" selection-start-column="23" selection-end-line="0" selection-end-column="23" />
        </state>
      </provider>
    </entry>
    <entry file="file://$PROJECT_DIR$/.idea/practice10.py">
      <provider selected="true" editor-type-id="text-editor">
        <state relative-caret-position="276">
          <caret line="12" column="24" selection-start-line="0" selection-start-column="0" selection-end-line="26" selection-end-column="0" />
        </state>
      </provider>
    </entry>
    <entry file="file://$PROJECT_DIR$/.idea/practice11.py">
      <provider selected="true" editor-type-id="text-editor">
        <state relative-caret-position="259">
          <caret line="30" column="25" selection-start-line="0" selection-start-column="0" selection-end-line="32" selection-end-column="0" />
        </state>
      </provider>
    </entry>
    <entry file="file://$PROJECT_DIR$/.idea/practice12.py">
      <provider selected="true" editor-type-id="text-editor">
        <state relative-caret-position="115">
          <caret line="5" column="23" selection-start-line="0" selection-start-column="0" selection-end-line="34" selection-end-column="0" />
        </state>
      </provider>
    </entry>
    <entry file="file://$PROJECT_DIR$/.idea/practice14.py">
      <provider selected="true" editor-type-id="text-editor">
        <state relative-caret-position="253">
          <caret line="14" column="28" selection-start-line="14" selection-start-column="28" selection-end-line="14" selection-end-column="28" />
          <folding>
            <element signature="e#24#34#0" expanded="true" />
          </folding>
        </state>
      </provider>
    </entry>
    <entry file="file://$PROJECT_DIR$/.idea/practice15.py">
      <provider selected="true" editor-type-id="text-editor">
        <state relative-caret-position="391">
          <caret line="19" column="32" selection-start-line="0" selection-start-column="0" selection-end-line="23" selection-end-column="0" />
          <folding>
            <element signature="e#24#34#0" expanded="true" />
          </folding>
        </state>
      </provider>
    </entry>
    <entry file="file://$PROJECT_DIR$/.idea/practice16.py">
      <provider selected="true" editor-type-id="text-editor">
        <state relative-caret-position="115">
          <caret line="6" column="23" selection-start-line="0" selection-start-column="0" selection-end-line="36" selection-end-column="0" />
          <folding>
            <element signature="e#24#34#0" expanded="true" />
          </folding>
        </state>
      </provider>
    </entry>
    <entry file="file://$PROJECT_DIR$/.idea/practice17.py">
      <provider selected="true" editor-type-id="text-editor">
        <state relative-caret-position="276">
          <caret line="14" column="43" selection-start-line="14" selection-start-column="43" selection-end-line="14" selection-end-column="43" />
          <folding>
            <element signature="e#24#34#0" expanded="true" />
          </folding>
        </state>
      </provider>
    </entry>
    <entry file="file://$PROJECT_DIR$/.idea/practice1.py">
      <provider selected="true" editor-type-id="text-editor">
        <state relative-caret-position="374">
          <caret line="23" column="25" selection-start-line="23" selection-start-column="25" selection-end-line="23" selection-end-column="25" />
        </state>
      </provider>
    </entry>
    <entry file="file://$PROJECT_DIR$/.idea/practice2.py">
      <provider selected="true" editor-type-id="text-editor">
        <state relative-caret-position="276">
          <caret line="20" column="0" selection-start-line="20" selection-start-column="0" selection-end-line="20" selection-end-column="0" />
        </state>
      </provider>
    </entry>
    <entry file="file://$PROJECT_DIR$/.idea/practice3.py">
      <provider selected="true" editor-type-id="text-editor">
        <state relative-caret-position="468">
          <caret line="29" column="25" selection-start-line="29" selection-start-column="25" selection-end-line="29" selection-end-column="25" />
          <folding />
        </state>
      </provider>
    </entry>
    <entry file="file://$PROJECT_DIR$/.idea/practice13.py">
      <provider selected="true" editor-type-id="text-editor">
        <state relative-caret-position="276">
          <caret line="20" column="0" selection-start-line="20" selection-start-column="0" selection-end-line="20" selection-end-column="0" />
          <folding>
            <element signature="e#24#34#0" expanded="true" />
          </folding>
        </state>
      </provider>
    </entry>
  </component>
</project>