标题,概述,评论数
拉米雷斯进球特谢拉绝杀王彤染红 苏宁2-1鲁能9轮首胜,北京时间5月14日，中超联赛第9轮一场焦点战上演，江苏苏宁主场对阵山东鲁能。上半场两队踢得难解难分，但鲁能率先由塔尔德利的世界波打破僵局，取得了1-0的优势。易边再战，拉米雷斯为苏宁扳平比分，随后王彤两黄变一红被罚出场，鲁能被迫10打11.补时最后阶段，特谢拉完成绝杀。,207
网友：感谢金延璟爽约 让我们更多年轻人有出头之地,"计划赶不上变化,变化赶不上爽约,原本大家都以为金延璟会加盟天津女排,原本大家会看到韩国一姐的风采,原本大家都在感叹土耳其联赛会失去国际竞争力,没想到的韩国女排一姐金延璟居然放了天津女排的鸽子,成为很多网友争议的话题。",1
中国UFC第一人：孤身前往日本，没有赞助商只能落寞蹲在角落,一个人站在八角铁笼里，面对日本选手田村一圣。对他而言这一战至关重要，他不仅仅是为了自己而战，更是要证明，中国人也可以打综合格斗。张铁泉于1980年出生于内蒙古。自幼就对运动情有独钟，经常把压岁钱用来买想要的体育器材。他从初中开始接触摔跤，并开始接受教练的培养。,803
中超-亚泰0-1恒大全场集锦：张琳芃超级世界波 伊哈洛中柱,中超-张琳芃世界波伊哈洛中柱 长春亚泰0-1广州恒大,210
标题,概述,评论数
拉米雷斯进球特谢拉绝杀王彤染红 苏宁2-1鲁能9轮首胜,北京时间5月14日，中超联赛第9轮一场焦点战上演，江苏苏宁主场对阵山东鲁能。上半场两队踢得难解难分，但鲁能率先由塔尔德利的世界波打破僵局，取得了1-0的优势。易边再战，拉米雷斯为苏宁扳平比分，随后王彤两黄变一红被罚出场，鲁能被迫10打11.补时最后阶段，特谢拉完成绝杀。,207
太极大师王占海低调站台昆仑决！张德政参加诸神之战,近日有关“太极拳”的话题，占据着各大媒体的头条位置。此现象的背后，始于一场“闹剧”的约架事件！该事件发生后，引发全民关注和热聊，继而徐某更是口出狂言：习练太极的都是傻子都是骗子的言论，瞬间国民哗然。,336
中国UFC第一人：孤身前往日本，没有赞助商只能落寞蹲在角落,一个人站在八角铁笼里，面对日本选手田村一圣。对他而言这一战至关重要，他不仅仅是为了自己而战，更是要证明，中国人也可以打综合格斗。张铁泉于1980年出生于内蒙古。自幼就对运动情有独钟，经常把压岁钱用来买想要的体育器材。他从初中开始接触摔跤，并开始接受教练的培养。,803
中超-亚泰0-1恒大全场集锦：张琳芃超级世界波 伊哈洛中柱,中超-张琳芃世界波伊哈洛中柱 长春亚泰0-1广州恒大,210
扬言战胜苏炳添却抢跑被罚出场 日名将：中国跳高选手惊到我了,在昨晚的国际田联钻石联赛上海站的比赛中，中国飞人苏炳添在100米决赛中以10秒09夺冠，为自己亚洲飞人第一人的名号再添锦标。而在赛前声称要战胜苏炳添的日本短跑名将同盛祥秀则因为抢跑被罚出场，日本媒体在惋惜的同时也揭露了其抢跑的真正原因，竟然因为中国的跳高选手王宇。,4
标题,概述,评论数
拉米雷斯进球特谢拉绝杀王彤染红 苏宁2-1鲁能9轮首胜,北京时间5月14日，中超联赛第9轮一场焦点战上演，江苏苏宁主场对阵山东鲁能。上半场两队踢得难解难分，但鲁能率先由塔尔德利的世界波打破僵局，取得了1-0的优势。易边再战，拉米雷斯为苏宁扳平比分，随后王彤两黄变一红被罚出场，鲁能被迫10打11.补时最后阶段，特谢拉完成绝杀。,207
中超-亚泰0-1恒大全场集锦：张琳芃超级世界波 伊哈洛中柱,中超-张琳芃世界波伊哈洛中柱 长春亚泰0-1广州恒大,210
勇士迎好消息：6届总冠军教头复出在即，誓为留住杜兰特？,勇士在横扫了爵士之后，迎来了一周的休息时间，勇士队的球员纷纷在社交媒体上晒出了自己的生活照片，其中库里在家里做饭，汤神、扎扎钓鱼、而麦基却独自一人去看《银河护卫队2》，看起来其乐融融，让人羡慕！,14
ESPN为什么看好勇士淘汰马刺 一点看出勇士蜕变,勇士与马刺的西部决赛即将打响，ESPN通过篮球实力指数（BPI）给出勇士晋级的概率高达81%，甚至还有15%的概率横扫马刺。那么，勇士要想淘汰马刺得依靠什么？ 在很多人的印象中，这支勇士是一支进攻强队。在本赛季常规赛中，勇士场均可以得到全联盟最高的115.,6
标题,概述,评论数
拉米雷斯进球特谢拉绝杀王彤染红 苏宁2-1鲁能9轮首胜,北京时间5月14日，中超联赛第9轮一场焦点战上演，江苏苏宁主场对阵山东鲁能。上半场两队踢得难解难分，但鲁能率先由塔尔德利的世界波打破僵局，取得了1-0的优势。易边再战，拉米雷斯为苏宁扳平比分，随后王彤两黄变一红被罚出场，鲁能被迫10打11.补时最后阶段，特谢拉完成绝杀。,207
中超-亚泰0-1恒大全场集锦：张琳芃超级世界波 伊哈洛中柱,中超-张琳芃世界波伊哈洛中柱 长春亚泰0-1广州恒大,210
2002年日韩世界杯以后，意大利足坛称：永远不用韩国球员,在亚洲足坛，韩国国家足球队的水平可以说是代表着亚洲前三的水平，但是2002年的韩日世界杯黑幕，成为韩国足球历史上最大的污点，也是世界足坛无法抹去的黑点。而在韩日世界杯上，意大利男足成为最受伤的国家队。,211
勇士迎好消息：6届总冠军教头复出在即，誓为留住杜兰特？,勇士在横扫了爵士之后，迎来了一周的休息时间，勇士队的球员纷纷在社交媒体上晒出了自己的生活照片，其中库里在家里做饭，汤神、扎扎钓鱼、而麦基却独自一人去看《银河护卫队2》，看起来其乐融融，让人羡慕！,14
这些开饵方法及饵料的补救方法 钓鱼人你们知道吗,我们在每次垂钓中，都想要有好的鱼获，那么除了有娴熟的钓技之外，我们就得从开饵开始。今天我们就谈谈春、夏、秋、冬不同季节的开饵方法及开饵失败后的补救方法。一，适合春夏秋冬的开饵方法：1、春季春季是鱼产卵的季节，经过一个冬天的休养，随着气温的逐渐升高，鱼的摄食量开始增加。,2
标题,概述,评论数
拉米雷斯进球特谢拉绝杀王彤染红 苏宁2-1鲁能9轮首胜,北京时间5月14日，中超联赛第9轮一场焦点战上演，江苏苏宁主场对阵山东鲁能。上半场两队踢得难解难分，但鲁能率先由塔尔德利的世界波打破僵局，取得了1-0的优势。易边再战，拉米雷斯为苏宁扳平比分，随后王彤两黄变一红被罚出场，鲁能被迫10打11.补时最后阶段，特谢拉完成绝杀。,207
一直被攻击从未回应，雷阿伦在忙什么？他在做一件谁也想不到的事,雷-阿伦，人称“君子剑”、“君子雷”。他为人谦逊低调，在球场上风度翩翩，曾经获得过NBA道德风尚奖，是NBA著名的谦谦君子，因此得名。不过，有人爱他，自然就有人恨他。随着雷-阿伦拒绝了凯尔特人的合同，选择加盟热火，恨他的人就越来越多。,103
中超-亚泰0-1恒大全场集锦：张琳芃超级世界波 伊哈洛中柱,中超-张琳芃世界波伊哈洛中柱 长春亚泰0-1广州恒大,210
ESPN为什么看好勇士淘汰马刺 一点看出勇士蜕变,勇士与马刺的西部决赛即将打响，ESPN通过篮球实力指数（BPI）给出勇士晋级的概率高达81%，甚至还有15%的概率横扫马刺。那么，勇士要想淘汰马刺得依靠什么？ 在很多人的印象中，这支勇士是一支进攻强队。在本赛季常规赛中，勇士场均可以得到全联盟最高的115.,6
张艺谋总导韩国冬奥会8分钟，揭秘韩网民为何不希望中国参加,据2018年韩国平昌冬奥会越来越近了！不过对于现在的韩国的国力来说举办冬奥会有些困难，就算乐天支援了600亿韩元可依旧是杯水车薪！在韩国网友表示不希望中国选手参加之后美国冰球正式宣布拒绝参加。这个表态相当于生生的给了韩国一记耳光！韩国网民到底为啥不希望中国参加呢？,161
